BEGIN TRANSACTION;
DROP TABLE IF EXISTS "player_name";
CREATE TABLE IF NOT EXISTS "player_name" (
	"lang"	INTEGER NOT NULL UNIQUE,
	"name"	TEXT,
	PRIMARY KEY("lang")
);
DROP TABLE IF EXISTS "player_template";
CREATE TABLE IF NOT EXISTS "player_template" (
	"id"	INTEGER NOT NULL UNIQUE,
	"display_id"	INTEGER,
	"origin_level"	INTEGER,
	PRIMARY KEY("id")
);
DROP TABLE IF EXISTS "player_stage_stats";
CREATE TABLE IF NOT EXISTS "player_stage_stats" (
	"stage"	INTEGER,
	"template_id"	INTEGER,
	"max_health"	INTEGER,
	"health_regen_rate"	REAL,
	"attack_range"	REAL,
	"move_speed"	INTEGER,
	"max_stamina"	INTEGER,
	"stamina_regen_rate"	REAL,
	"attack_takes_stamina"	INTEGER,
	"charge_consumes_stamina"	INTEGER,
	"damage"	INTEGER
);
DROP TABLE IF EXISTS "reward_for_ranking";
CREATE TABLE IF NOT EXISTS "reward_for_ranking" (
	"money_base"	INTEGER,
	"money_max"	INTEGER,
	"money_rewarded_players_percent"	REAL,
	"xp_base"	INTEGER,
	"xp_max"	INTEGER,
	"xp_rewarded_players_percent"	REAL
);
INSERT INTO "player_name" ("lang","name") VALUES (0,'Player%d'),
 (1,'玩家%d');
INSERT INTO "player_template" ("id","display_id","origin_level") VALUES (1,1,1),
 (2,2,1),
 (3,3,1),
 (4,4,1),
 (5,5,1),
 (6,6,1),
 (7,7,1),
 (8,8,1);
INSERT INTO "player_stage_stats" ("stage","template_id","max_health","health_regen_rate","attack_range","move_speed","max_stamina","stamina_regen_rate","attack_takes_stamina","charge_consumes_stamina","damage") VALUES (0,1,1350,0.5,229.0,80,63,0.45,21,50,84),
 (1,1,1470,0.55,229.0,80,63,0.45,21,50,91),
 (2,1,1580,0.6,229.0,80,63,0.45,21,50,98),
 (3,1,1705,0.66,229.0,80,63,0.45,21,50,106),
 (4,1,1805,0.7,229.0,80,63,0.45,21,50,112),
 (5,1,1925,0.76,229.0,80,63,0.45,21,50,120),
 (6,1,2025,0.8,229.0,80,63,0.45,21,50,126),
 (0,2,1350,0.5,264.0,85,63,0.45,21,50,84),
 (1,2,1470,0.55,273.0,88,63,0.45,21,50,91),
 (2,2,1580,0.6,282.0,90,63,0.45,21,50,98),
 (3,2,1705,0.66,291.0,93,63,0.45,21,50,106),
 (4,2,1805,0.7,299.0,95,63,0.45,21,50,112),
 (5,2,1925,0.76,308.0,98,63,0.45,21,50,120),
 (6,2,2025,0.8,316.0,100,63,0.45,21,50,126),
 (0,3,1350,1.1,229.0,85,63,0.55,21,50,84),
 (1,3,1470,1.15,235.0,88,63,0.55,21,50,91),
 (2,3,1580,1.2,241.0,90,63,0.55,21,50,98),
 (3,3,1705,1.26,247.0,93,63,0.55,21,50,106),
 (4,3,1805,1.3,253.0,95,63,0.55,21,50,112),
 (5,3,1925,1.36,259.0,98,63,0.55,21,50,120),
 (6,3,2025,1.4,264.0,100,63,0.55,21,50,126),
 (0,4,1350,0.5,229.0,85,84,0.45,21,50,84),
 (1,4,1470,0.55,235.0,88,84,0.45,21,50,91),
 (2,4,1580,0.6,241.0,90,84,0.45,21,50,98),
 (3,4,1705,0.66,247.0,93,84,0.45,21,50,106),
 (4,4,1805,0.7,253.0,95,84,0.45,21,50,112),
 (5,4,1925,0.76,259.0,98,84,0.45,21,50,120),
 (6,4,2025,0.8,264.0,100,84,0.45,21,50,126),
 (0,5,1575,0.5,229.0,80,63,0.45,21,50,72),
 (1,5,1715,0.55,229.0,80,63,0.45,21,50,78),
 (2,5,1843,0.6,229.0,80,63,0.45,21,50,84),
 (3,5,1989,0.66,229.0,80,63,0.45,21,50,91),
 (4,5,2105,0.7,229.0,80,63,0.45,21,50,96),
 (5,5,2245,0.76,229.0,80,63,0.45,21,50,103),
 (6,5,2362,0.8,229.0,80,63,0.45,21,50,108),
 (0,6,1350,0.5,229.0,80,63,0.45,21,50,80),
 (1,6,1470,0.55,229.0,83,63,0.45,21,50,87),
 (2,6,1580,0.6,229.0,85,63,0.45,21,50,94),
 (3,6,1705,0.66,229.0,88,63,0.45,21,50,101),
 (4,6,1805,0.7,229.0,90,63,0.45,21,50,107),
 (5,6,1925,0.76,229.0,93,63,0.45,21,50,114),
 (6,6,2025,0.8,229.0,95,63,0.45,21,50,120),
 (0,7,1575,0.5,229.0,80,63,0.5,21,50,84),
 (1,7,1715,0.55,235.0,83,63,0.5,21,50,91),
 (2,7,1843,0.6,241.0,85,63,0.5,21,50,98),
 (3,7,1989,0.66,247.0,88,63,0.5,21,50,106),
 (4,7,2105,0.7,253.0,90,63,0.5,21,50,112),
 (5,7,2245,0.76,259.0,93,63,0.5,21,50,120),
 (6,7,2362,0.8,264.0,95,63,0.5,21,50,126),
 (0,8,1575,0.5,206.0,80,84,0.15,21,50,84),
 (1,8,1715,0.55,206.0,80,84,0.15,21,50,91),
 (2,8,1843,0.6,206.0,80,84,0.15,21,50,98),
 (3,8,1989,0.66,206.0,80,84,0.15,21,50,106),
 (4,8,2105,0.7,206.0,80,84,0.15,21,50,112),
 (5,8,2245,0.76,206.0,80,84,0.15,21,50,120),
 (6,8,2362,0.8,206.0,80,84,0.15,21,50,126);
INSERT INTO "reward_for_ranking" ("money_base","money_max","money_rewarded_players_percent","xp_base","xp_max","xp_rewarded_players_percent") VALUES (50,150,80.0,20,290,100.0);
COMMIT;
