BEGIN TRANSACTION;
DROP TABLE IF EXISTS "robot_spawn_info";
CREATE TABLE IF NOT EXISTS "robot_spawn_info" (
	"combat_grade"	INTEGER,
	"template_id"	INTEGER,
	"weight"	REAL,
	"level_min"	INTEGER,
	"level_max"	INTEGER
);
DROP TABLE IF EXISTS "robot_region";
CREATE TABLE IF NOT EXISTS "robot_region" (
	"country"	TEXT,
	"lang"	INTEGER,
	"weight"	REAL
);
DROP TABLE IF EXISTS "robot_name";
CREATE TABLE IF NOT EXISTS "robot_name" (
	"lang"	INTEGER DEFAULT 0,
	"name"	TEXT
);
DROP TABLE IF EXISTS "robot_proficiency";
CREATE TABLE IF NOT EXISTS "robot_proficiency" (
	"level"	INTEGER,
	"dodge_reaction_time_min"	INTEGER,
	"dodge_reaction_time_max"	INTEGER,
	"effective_dodge_chance"	REAL,
	"target_reaction_time_min"	INTEGER,
	"target_reaction_time_max"	INTEGER,
	"aiming_accuracy"	REAL,
	"continuous_attack_delay_min"	INTEGER,
	"continuous_attack_delay_max"	INTEGER
);
DROP TABLE IF EXISTS "robot_template";
CREATE TABLE IF NOT EXISTS "robot_template" (
	"id"	INTEGER NOT NULL UNIQUE,
	"display_id"	INTEGER,
	PRIMARY KEY("id" AUTOINCREMENT)
);
DROP TABLE IF EXISTS "robot_nature";
CREATE TABLE IF NOT EXISTS "robot_nature" (
	"type"	INTEGER,
	"effect_type"	INTEGER,
	"effect_value"	INTEGER
);
DROP TABLE IF EXISTS "robot_difficulty";
CREATE TABLE IF NOT EXISTS "robot_difficulty" (
	"combat_grade"	INTEGER,
	"proficiency_level"	INTEGER,
	"max_combat_power"	INTEGER,
	"nature_type"	INTEGER,
	"weight"	REAL
);
DROP TABLE IF EXISTS "robot_stage_stats";
CREATE TABLE IF NOT EXISTS "robot_stage_stats" (
	"stage"	INTEGER,
	"template_id"	INTEGER,
	"max_health"	INTEGER,
	"health_regen_rate"	REAL,
	"attack_range"	REAL,
	"move_speed"	INTEGER,
	"max_stamina"	INTEGER,
	"stamina_regen_rate"	REAL,
	"attack_takes_stamina"	INTEGER,
	"charge_consumes_stamina"	INTEGER,
	"damage"	INTEGER,
	"combat_power"	INTEGER
);
INSERT INTO "robot_spawn_info" ("combat_grade","template_id","weight","level_min","level_max") VALUES (0,1,0.5,0,0),
 (0,2,0.0,0,0),
 (0,3,0.0,0,0),
 (0,4,0.0,0,0),
 (0,5,0.5,0,0),
 (0,6,0.0,0,0),
 (0,7,0.0,0,0),
 (0,8,0.0,0,0),
 (1,1,6.0,1,5),
 (1,2,0.0,0,0),
 (1,3,0.0,0,0),
 (1,4,0.0,0,0),
 (1,5,6.0,1,5),
 (1,6,3.0,2,6),
 (1,7,0.0,0,0),
 (1,8,0.0,0,0),
 (2,1,5.0,5,18),
 (2,2,0.0,0,0),
 (2,3,0.0,0,0),
 (2,4,0.0,0,0),
 (2,5,5.0,5,18),
 (2,6,3.0,8,21),
 (2,7,0.0,0,0),
 (2,8,2.0,6,22),
 (3,1,4.0,18,27),
 (3,2,1.0,27,32),
 (3,3,0.0,0,0),
 (3,4,0.0,0,0),
 (3,5,4.0,19,27),
 (3,6,3.0,21,29),
 (3,7,1.0,27,32),
 (3,8,2.0,22,27);
INSERT INTO "robot_region" ("country","lang","weight") VALUES ('US',0,12.0),
 ('CN',1,1.0),
 ('CA',0,6.0),
 ('GB',0,5.0),
 ('DE',0,5.0),
 ('FR',0,4.0),
 ('IT',0,1.0),
 ('DK',0,1.0),
 ('SE',0,1.0),
 ('FI',0,1.0),
 ('NO',0,1.0),
 ('IE',0,1.0),
 ('JP',2,1.0),
 ('KR',3,1.0);
INSERT INTO "robot_name" ("lang","name") VALUES (0,'Bot'),
 (0,'Josh'),
 (0,':;(?_?);:'),
 (0,'Da tegend'),
 (0,'Food'),
 (0,'Jas,'),
 (0,'Corryn'),
 (0,'Daniel'),
 (0,'BauHaus'),
 (0,'Shadyde'),
 (0,'Emm'),
 (0,'Jeyyy'),
 (0,'Kombat'),
 (0,'Karl'),
 (0,'Shu'),
 (0,'Andji'),
 (0,'Adagio'),
 (0,'Hi'),
 (0,'Bojake'),
 (0,'Horseman'),
 (0,'Stonk'),
 (0,'Mahogany'),
 (0,'Eleni'),
 (0,'Bran'),
 (0,'christmas'),
 (0,'Hafted'),
 (0,'Syealendra'),
 (0,'Mika'),
 (0,'Bobo'),
 (0,'Aron'),
 (0,'Nol'),
 (0,'Paco'),
 (0,'Doradora'),
 (0,'3ndr'),
 (0,'World'),
 (0,'Boricua'),
 (0,'Payton'),
 (0,'Pt'),
 (0,'Maneuver'),
 (0,'Tree'),
 (0,'Jabouin'),
 (0,'Robert'),
 (0,'TTTTT'),
 (0,'Joemeister'),
 (0,'Anand'),
 (0,'Carey'),
 (0,'Bestie'),
 (0,'Verssonnn'),
 (0,'Jumping84'),
 (0,'Prophecy'),
 (0,'Assembly'),
 (0,'Spaniard'),
 (0,'Caleb'),
 (0,'Kakarot'),
 (0,'Nick romero'),
 (0,'Eric'),
 (0,'Himi'),
 (0,'Arjan'),
 (0,'.Alan'),
 (0,'Lan villar'),
 (0,'Zig'),
 (0,'c'),
 (0,'Gentian'),
 (0,'Joseph'),
 (0,'Caspercaster'),
 (0,'Mikey'),
 (0,'Cmu'),
 (0,'G'),
 (0,'Dj'),
 (0,'Timtim'),
 (0,'Ben maccarty'),
 (0,'des'),
 (0,'Sabu'),
 (0,'Joey'),
 (0,'Lechuga'),
 (0,'Hails'),
 (0,'Spylycetr'),
 (0,'Icon'),
 (0,'Merits'),
 (0,'Akeem'),
 (0,'Cyber'),
 (0,'John karasa'),
 (0,'Logic x'),
 (0,'Nonane'),
 (0,'Marz'),
 (0,'Lucy'),
 (0,'Datfrog'),
 (0,'vhatis'),
 (0,'Heers'),
 (0,'Rara'),
 (0,'Jose bobad'),
 (0,'Spooky'),
 (0,'Amber Kasper'),
 (0,'Gokucn'),
 (0,'Blade1029'),
 (0,'Thomas'),
 (0,'Spy ninja'),
 (0,'Dev,j'),
 (0,'Nur joo han'),
 (0,'Ahmed alen'),
 (0,'Cody'),
 (0,'Harris'),
 (0,'Takin'),
 (0,'Yellow tree'),
 (0,'Kingfortoday'),
 (0,'rakun'),
 (0,'Ps5'),
 (0,'Nav only'),
 (0,'Knight'),
 (0,'Anthology'),
 (0,'Sora'),
 (0,'Smash'),
 (0,'Scoot'),
 (0,'No_fear'),
 (0,'Boomin'),
 (0,'devil'),
 (0,'cceider'),
 (0,'Callow duty'),
 (0,'Mene'),
 (0,'Greg'),
 (0,'Luke95'),
 (0,'Aerthian..'),
 (0,'Deetto'),
 (0,'Bombt'),
 (0,'Mangold'),
 (0,'Ahem amir'),
 (0,'Hq67'),
 (0,'Justice'),
 (0,'Eve'),
 (0,'Aahhh'),
 (0,'Peso'),
 (0,'doom'),
 (0,'A-7'),
 (0,'Visceral'),
 (0,'Zarko'),
 (0,'Dantitoo'),
 (0,'Techno'),
 (0,'Tony kent'),
 (0,'David Darien'),
 (0,'Goth'),
 (0,'Queen'),
 (0,'Mercedes'),
 (0,'Rose'),
 (0,'Patsy'),
 (0,'Truth'),
 (0,'Hrsilverman'),
 (0,'GP'),
 (0,'Maldito'),
 (0,'Adriano'),
 (0,'Collins'),
 (0,'Katie'),
 (0,'Stank'),
 (0,'Jenyse'),
 (0,'Ochoa'),
 (0,'Shan'),
 (0,'Pippa'),
 (0,'Noxi'),
 (0,'Air'),
 (0,'Edwin'),
 (0,'Valkyrie'),
 (0,'Rodney'),
 (0,'Alice'),
 (0,'Shannon'),
 (0,'Douglas'),
 (0,'Merry'),
 (0,'Richard'),
 (0,'Carlos'),
 (0,'Pehlongsheng'),
 (0,'Marit'),
 (0,'Lulu'),
 (0,'Mcatat'),
 (0,'Lourdes'),
 (0,'Gwendolyn'),
 (0,'Trent'),
 (0,'Cop'),
 (0,'Victoria'),
 (0,'Macdonald'),
 (0,'Jennifer'),
 (0,'Kaye'),
 (0,'Stalent'),
 (0,'Debbles'),
 (0,'CoachAAdams'),
 (0,'Lee'),
 (0,'Hafemeister'),
 (0,'A'),
 (0,'Greater_YK'),
 (0,'Artstrada'),
 (0,'Chromatic'),
 (0,'Blank'),
 (0,'Randy'),
 (0,'Frankie'),
 (0,'Usuario'),
 (0,'Mariana'),
 (0,'Beckandsmith'),
 (0,'Furious'),
 (0,'Miss doo'),
 (0,'Jewel'),
 (0,'Sylviadoo'),
 (0,'Alexxdjn'),
 (0,'Wintrbird'),
 (0,'Andryveen'),
 (0,'Waniehh'),
 (0,'Pretty'),
 (0,'Zoe'),
 (0,'Coolkid'),
 (0,'Tata'),
 (0,'A N I S'),
 (0,'Skreyes'),
 (0,'Thamcarlwai'),
 (0,'Avrilcortesz'),
 (0,'Elo_gllt'),
 (0,'Hedxbin'),
 (0,'Never'),
 (0,'Janice'),
 (0,'Rojkovamar'),
 (0,'Hyana77'),
 (0,'Star'),
 (0,'2115'),
 (0,'M_ramirezee'),
 (0,'J'),
 (0,'K8lyn'),
 (0,'blanqui'),
 (0,'Muffin'),
 (0,'Jauneliy'),
 (0,'Richmond'),
 (0,'Frnzmrng'),
 (0,'Unknown'),
 (0,'Izzy'),
 (0,'N!eko'),
 (0,'Edilia'),
 (0,'Disease'),
 (0,'Ray'),
 (0,'Monifalaro'),
 (0,'Lucie'),
 (0,'Yams'),
 (0,'natsu'),
 (0,'Tacky'),
 (0,'A bel'),
 (0,'Giddies'),
 (0,'P020801'),
 (0,'Xoxless'),
 (0,'Laurrrrita'),
 (0,'Olusia'),
 (0,'Em'),
 (0,'Megan'),
 (0,'Anapao'),
 (0,'Paige'),
 (0,'K1nggoose'),
 (0,'lori_midori'),
 (0,'Appoint77'),
 (0,'Ellie'),
 (0,'Amandine'),
 (0,'_sadge_'),
 (0,'Maevaony'),
 (0,'Mad.dame._'),
 (0,'Saro'),
 (0,'Val'),
 (0,'Reminisce'),
 (0,'Hikmurhpy'),
 (0,'Hmm'),
 (0,'Jessica'),
 (0,'Roylmaze'),
 (0,'Olga ojkalo'),
 (0,'Yen'),
 (0,'3am'),
 (0,'Rp'),
 (0,'Badgalroro'),
 (0,'Manon'),
 (0,'Wakirota'),
 (0,'Emmmakcorn'),
 (0,'Carolina'),
 (0,'Russ'),
 (0,'Brusan99'),
 (0,'Iiimmmmyyy'),
 (0,'Ragiricharan'),
 (0,'$$$$$'),
 (0,'Ch'),
 (0,'beciaARMY'),
 (0,'M4ri4'),
 (0,'Niche'),
 (0,'Finn'),
 (0,'D|D'),
 (0,'Pistachios'),
 (0,'Yassuny'),
 (0,'Zmijeade'),
 (0,'Fresh'),
 (0,'Jeonhgyu'),
 (0,'Wendy'),
 (0,'Milk'),
 (0,'D.c.'),
 (0,'Luz de noche'),
 (0,'Lizzie'),
 (0,'Mati'),
 (0,'Dulappeep'),
 (0,'Czar jamie'),
 (0,'Bibibibi'),
 (0,'Sar'),
 (0,'Liddle'),
 (0,'MGKAUNG'),
 (0,'194747'),
 (0,'Jack900'),
 (0,'Seta'),
 (0,'GarT3'),
 (0,'Kyle'),
 (0,'No DM'),
 (0,'Thi Thi O'),
 (0,'Agonie'),
 (0,'Jeannie'),
 (0,'Wicca'),
 (0,'Julie'),
 (0,'Watson'),
 (0,'Thierry'),
 (0,'kala_bennu'),
 (0,'LlcLoumac'),
 (0,'Minthet4567'),
 (0,'Tom'),
 (0,'Farquaad'),
 (0,'Felix2333ds'),
 (0,'Btc'),
 (0,'Jaycryp'),
 (0,'Leeroy'),
 (0,'Pyramid'),
 (0,'Giorgio'),
 (0,'Hash hacker'),
 (0,'Lorne martin'),
 (0,'mattyB-213'),
 (0,'RIN'),
 (0,'Terence Ng'),
 (0,'CorgiDOG'),
 (0,'MYM3'),
 (0,'Forgotten'),
 (0,'Fateme'),
 (0,'Mehdi'),
 (0,'Woolley'),
 (0,'EG0083'),
 (0,'Tal Raveh'),
 (0,'Parag'),
 (0,'Lola.B'),
 (0,'Dagile. UK'),
 (0,'Stoddartist'),
 (0,'Majestyz7'),
 (0,'Avalan'),
 (0,'Leo'),
 (0,'Abhinew'),
 (0,'7815980'),
 (0,'Raguebov'),
 (0,'Sikandarmize'),
 (0,'Torregoze'),
 (0,'Max pgiozzi'),
 (0,'AB Siddik'),
 (0,'Mohammedsadi'),
 (0,'CARe'),
 (0,'Arnold'),
 (0,'Arubaze'),
 (0,'REINHARD49'),
 (0,'Navigator'),
 (0,'Luca braza'),
 (0,'Sheikh'),
 (0,'Tapssvip'),
 (0,'Tough'),
 (0,'ERMFianc'),
 (0,'pICCIN2'),
 (0,'PANUWAT'),
 (0,'Benson3234'),
 (0,'Fairy'),
 (0,'Yusuf'),
 (0,'Flies'),
 (0,'Sophie'),
 (0,'Chan'),
 (0,'Alan robins'),
 (0,'sevenW'),
 (0,'Yashid'),
 (0,'Occhiddd'),
 (0,'Parted'),
 (0,'Bogieman ___'),
 (0,'M MMM'),
 (0,'J.E.Logan'),
 (0,'vERNOS'),
 (0,'AO'),
 (0,'__CHOW'),
 (0,'DANSIR'),
 (0,'Bitcoin'),
 (0,'Jetty'),
 (0,'Zhang'),
 (0,'Mary 908372'),
 (0,'Ernie Schell'),
 (0,'Stu Hodgson'),
 (0,'Lak Ming Lam'),
 (0,'Leh'),
 (0,'5021tips'),
 (0,'Realtime'),
 (0,'Roger'),
 (0,'Graham'),
 (0,'j ahahana'),
 (0,'Bizgramd l'),
 (0,'Goh yewe'),
 (0,'Sensational'),
 (0,'Mulusof'),
 (0,'Lamas'),
 (0,'Proio'),
 (0,'Crysy'),
 (0,'Minearylive'),
 (0,'Blue fire'),
 (0,'Yannick'),
 (0,'Joyce'),
 (0,'Coward'),
 (0,'Tabzsher'),
 (0,'Jim'),
 (0,'Guests'),
 (0,'OteE'),
 (0,'cordovea_+'),
 (0,'Jik'),
 (0,'Lisa'),
 (0,'%'),
 (0,'Williams'),
 (0,'Rainbow'),
 (0,'Keith P'),
 (0,'#Chris#'),
 (0,'Kim'),
 (0,'Liz zzzz'),
 (0,'Hugo.'),
 (0,'Secular'),
 (0,'Turner'),
 (0,'Koldijk'),
 (0,'REAL eve'),
 (0,'Redder'),
 (0,'Spliff'),
 (0,'Clifore D'),
 (0,'Kirk'),
 (0,'KAITIE COO'),
 (0,'msssy'),
 (0,'Dione'),
 (0,'Justice'),
 (0,'Susuanm'),
 (0,'Tygagi'),
 (0,'Hatman'),
 (0,'Korokro'),
 (0,'Skutley'),
 (0,'ZtHING'),
 (0,'Shanerz'),
 (0,'N39023947'),
 (0,'Yamuis'),
 (0,'RodNnn'),
 (0,'Gerald'),
 (0,'EndnsT'),
 (0,'Aleska'),
 (0,'Voltrix'),
 (0,'cHIRIU'),
 (0,'euOT7Pho'),
 (0,'Ikonalz'),
 (0,'C++'),
 (0,'Humber'),
 (0,'Mani Golu'),
 (0,'Biochem'),
 (0,'Hahnashibeta'),
 (0,'Mark'),
 (0,'Beaming'),
 (0,'Suvi'),
 (0,'Denize'),
 (0,'Lamar 90'),
 (0,'Reeta pakk'),
 (0,'Pinar'),
 (0,'Zack'),
 (0,'Dash mishar'),
 (0,'Kevin ott'),
 (0,'Susanda'),
 (0,'Makes G'),
 (0,'Helen'),
 (0,'May'),
 (0,'Soujanya Sa'),
 (0,'Deeptak'),
 (0,'KIN_G'),
 (0,'AJIT'),
 (0,'GAran'),
 (0,'Wild peace'),
 (0,'140k PYA'),
 (0,'Tina'),
 (0,'SO6'),
 (0,'Preet'),
 (0,'Wilton'),
 (0,'Rick'),
 (0,'Dydon'),
 (0,'IT'),
 (0,'Struggle'),
 (0,'Amin'),
 (0,'Destiny'),
 (0,'Merge'),
 (0,'Boho'),
 (0,'Esteel'),
 (0,'Fentongray'),
 (0,'OAC'),
 (0,'Dave ross'),
 (0,'Robtyrie'),
 (0,'Centi'),
 (0,'cLIFORNIA'),
 (0,'D'),
 (0,'KELVIN'),
 (0,'Leng'),
 (0,'Vincent'),
 (0,'Beginner'),
 (0,'Nate'),
 (0,'Mirage'),
 (0,'Liquor'),
 (0,'Lyon barrer'),
 (0,'Tsige De'),
 (0,'Stealth'),
 (0,'Slinger'),
 (0,'Preach Man'),
 (0,'Unseen'),
 (0,'Bad Bond'),
 (0,'Force'),
 (0,'FRMhndshk'),
 (0,'Easy Mac'),
 (0,'Sky'),
 (0,'SkyGod'),
 (0,'Toxic-oxide'),
 (0,'Silent'),
 (0,'GiddeeUP'),
 (0,'Elder Pogue'),
 (0,'Rando Tank'),
 (0,'JesterZilla'),
 (0,'Lord Theus'),
 (0,'Omega Sub'),
 (0,'JigKraken'),
 (0,'Uncle Psycho'),
 (0,'Station WMD'),
 (0,'FrankenGrin'),
 (0,'Sir Shove'),
 (0,'Trash Master'),
 (0,'Bug Blitz'),
 (0,'Landfill Max'),
 (0,'Knight Light'),
 (0,'Bit Sentinel'),
 (0,'K-Tin Man'),
 (0,'Father Abbot'),
 (0,'Scare Stone'),
 (0,'Admiral Tot'),
 (0,'RedFeet'),
 (0,'Chew Chew'),
 (0,'Scrapple'),
 (0,'Solo Kill'),
 (0,'Prof. Screw'),
 (0,'ManMaker'),
 (0,'RedFisher'),
 (0,'Trick Baron'),
 (0,'Raid Bucker'),
 (0,'Fist Wizard'),
 (0,'Doz Killer'),
 (0,'Don Stab'),
 (0,'Liquid Death'),
 (0,'Earl of Arms'),
 (0,'360'),
 (0,'Sleepwalker'),
 (0,'Mother Hen'),
 (0,'Hairpin'),
 (0,'Teeder'),
 (0,'Queen Bee'),
 (0,'Ladysmith'),
 (0,'Drift'),
 (0,'42nd Street'),
 (0,'Snapdragon'),
 (0,'Mother Night'),
 (0,'Heartbreaker'),
 (0,'Coffee'),
 (0,'Racy Lady'),
 (0,'Lightweight'),
 (0,'Duchess'),
 (0,'Abiss'),
 (0,'Sneaky Lady'),
 (0,'Moxie'),
 (0,'Tomcat'),
 (0,'Raggedy Ann'),
 (0,'Eerie'),
 (0,'Acid Queen'),
 (0,'Soiled Dove'),
 (0,'Hemlock'),
 (0,'Cool Whip'),
 (0,'Toy Town'),
 (0,'Roller Girl'),
 (0,'Loot'),
 (0,'Easy Street'),
 (0,'Alley Cat'),
 (0,'Solitaire'),
 (0,'Highway'),
 (0,'Cream'),
 (0,'Trash'),
 (0,'Low Voltage'),
 (0,'All Natural'),
 (0,'Spellbinder'),
 (0,'Nibbler'),
 (0,'Crumb Cake'),
 (0,'Rook'),
 (0,'Essex'),
 (0,'Backstreet'),
 (0,'Spitfire'),
 (0,'Noisy Girl'),
 (0,'Homerun Diva'),
 (0,'Curio'),
 (0,'Trixie'),
 (0,'Rope'),
 (0,'Magenta'),
 (0,'Barbwire'),
 (0,'Spoiler'),
 (0,'Nola'),
 (0,'180'),
 (0,'Uluru Walker'),
 (0,'Hen Skittle'),
 (0,'Bad Beret'),
 (0,'Mantis Queen'),
 (0,'Evil Smith'),
 (0,'BearDrift'),
 (0,'21st Street'),
 (0,'White Dragon'),
 (0,'NightWonka'),
 (0,'Pop Bee'),
 (0,'Racy Babe'),
 (0,'Abyss Tamer'),
 (2,'ボット'),
 (2,'Keino'),
 (2,'さい'),
 (2,'とりと'),
 (2,'moca'),
 (2,'かんばる'),
 (2,'えみ'),
 (2,'ゆうてば'),
 (2,'めぐもぐ'),
 (2,'みかん'),
 (2,'Yoon'),
 (2,'ゆっこ'),
 (2,'りく'),
 (2,'ゆらぎ'),
 (2,'ゴリラ'),
 (2,'chi'),
 (2,'あーちゃん'),
 (2,'さえり'),
 (2,'Yadira'),
 (2,'A:O'),
 (2,'かめこ'),
 (2,'Haruna'),
 (2,'みき'),
 (2,'レ'),
 (2,'たばし'),
 (2,'そもり'),
 (2,'かっこ'),
 (2,'りる'),
 (2,'なぬ'),
 (2,'Fuuichi'),
 (2,'なつみ'),
 (2,'bjg'),
 (2,'ふきの'),
 (2,'かよ'),
 (2,'Yuuki'),
 (2,'ましまる'),
 (2,'ak。'),
 (2,'りなまる'),
 (2,'たつき'),
 (2,'結衣'),
 (2,'しろたえ'),
 (2,'陽子'),
 (2,'こうら'),
 (2,'rot'),
 (2,'しいん'),
 (2,'Solana'),
 (2,'みりん'),
 (2,'明日'),
 (2,'ささ'),
 (2,'たかや'),
 (2,'Garda'),
 (2,'ねむい'),
 (2,'にゃ'),
 (2,'レイナ'),
 (2,'Nasi'),
 (2,'Moco'),
 (2,'まー'),
 (2,'m'),
 (2,'エミい'),
 (2,'ドラコ'),
 (2,'朝'),
 (2,'りんご'),
 (2,'ぽあみ'),
 (2,'leung.1233'),
 (2,'れる'),
 (2,'うたは'),
 (2,'Kowa'),
 (2,'Y'),
 (2,'あざ'),
 (2,'翔介'),
 (2,'ほゆ'),
 (2,'やしやし'),
 (2,'エース'),
 (2,'るんるん'),
 (2,'サタン'),
 (2,'cあt'),
 (2,'ビル'),
 (2,'なそ子'),
 (2,'花'),
 (2,'ゆり'),
 (2,'river'),
 (2,'sky'),
 (2,'まきさん'),
 (2,'カズマ'),
 (2,'潤'),
 (2,'かy'),
 (2,'さわ'),
 (2,'ゆゆ'),
 (2,'ハニママ'),
 (2,'x'),
 (2,'りん'),
 (2,'lulu'),
 (2,'ユラ'),
 (2,'m‘’'),
 (2,'亜海'),
 (2,'vc'),
 (2,'こえだ'),
 (2,'///'),
 (2,'春樹'),
 (2,'ズ'),
 (2,'やか'),
 (2,'ヒカル'),
 (2,'こうすけ'),
 (2,'神様'),
 (2,'ピピピッ'),
 (2,'葵'),
 (2,'もも'),
 (2,'banana'),
 (2,'悠人'),
 (2,'ふくふく'),
 (2,'リア'),
 (2,'椰子'),
 (2,'ハピ'),
 (2,'ルカ'),
 (2,'ゆき'),
 (2,'トモ'),
 (2,'凪'),
 (2,'シャシャ'),
 (2,'りょきい'),
 (2,'光'),
 (2,'tpt'),
 (2,'猫'),
 (2,'莉子'),
 (2,'けんと'),
 (2,'レイ'),
 (2,'ナナ'),
 (2,'Nono'),
 (2,'ソーマ'),
 (2,'しゅおん'),
 (2,'麻衣'),
 (2,'queen'),
 (2,'こっこ'),
 (1,'机器人'),
 (1,'柔软'),
 (1,'高冷萌杀手。'),
 (1,'FollowMe'),
 (1,'不要失去笑容'),
 (1,'你瞅啥'),
 (1,'逢场作戏'),
 (1,'陪衬'),
 (1,'Zai坚强一点'),
 (1,'唯有靠自己'),
 (1,'永不→放弃'),
 (1,'重获新的我'),
 (1,'化腐朽为神奇'),
 (1,'造梦'),
 (1,'泪之魂'),
 (1,'香橙ぽ'),
 (1,'标点'),
 (1,'愛上了。。'),
 (1,'我能过的更好'),
 (1,'梦想起航'),
 (1,'学霸不是梦'),
 (1,'不惧困难'),
 (1,'分开不是尽头'),
 (1,'成王败寇'),
 (1,'只考清华'),
 (1,'年轻要闯'),
 (1,'旧人心'),
 (1,'后来'),
 (1,'水墨青花'),
 (1,'适可而止'),
 (1,'捂耳听风'),
 (1,'病毒体'),
 (1,'枉心@'),
 (1,'蓝戈者'),
 (1,'森、罗'),
 (1,'旧事酒浓'),
 (1,'锦夏、初冬'),
 (1,'飞过蔷薇'),
 (1,'烟沫…凡尘'),
 (1,'九夏微凉'),
 (1,'歪男@'),
 (1,'来日方长'),
 (1,'你执意我坚守'),
 (1,'稚念'),
 (1,'等风吹来'),
 (1,'還沒好好'),
 (1,'high、过头'),
 (1,'扮鬼脸(>﹏<)'),
 (1,'我喜欢猫'),
 (1,'记得你的美梦'),
 (1,'忽走忽停'),
 (1,'思无邪。'),
 (1,'救星。'),
 (1,'呆°'),
 (1,'孤女@'),
 (1,'小野猫'),
 (1,'沐子'),
 (1,'清酒佳人'),
 (1,'小鹿乱撞'),
 (1,'羽未染'),
 (1,'梦浅易醒'),
 (1,'七月和安生'),
 (1,'余情未了'),
 (1,'南邮'),
 (1,'一夕承诺'),
 (1,'生亦何欢'),
 (1,'孤岛情人'),
 (1,'小嗲'),
 (1,'绿萝@'),
 (1,'萌酱'),
 (1,'怂人@'),
 (1,'猫腻'),
 (1,'酒巷清风'),
 (1,'勇不芬离'),
 (1,'Chowhound'),
 (1,'smile,你會嗎'),
 (1,'太放不开'),
 (1,'拿稳我啊!'),
 (1,'你懂我吗'),
 (1,'呀呦喂'),
 (1,'猫猫cat'),
 (1,'人心隔两扎'),
 (1,'autumn-沫沫'),
 (1,'desert.荒芜'),
 (1,'李白°'),
 (1,'Tattoo'),
 (1,'半仙'),
 (1,'零度°'),
 (1,'寄与心@'),
 (1,'Beginner'),
 (1,'巨坚强'),
 (1,'橘香'),
 (1,'粉红色少女'),
 (1,'金兰素衣'),
 (1,'橘味果酱'),
 (1,'Garbage'),
 (1,'薄荷港'),
 (1,'To love.'),
 (1,'玻璃人'),
 (1,'婴鹅@'),
 (1,'丑丑阿'),
 (1,'长伴i'),
 (1,'薄荷茶'),
 (1,'Soft sister'),
 (1,'土豪！！！'),
 (1,'Evildoer'),
 (1,'用心笑'),
 (1,'嘿咻！'),
 (1,'清风少女'),
 (1,'简洁的白裙'),
 (1,'森裙'),
 (1,'吊带少女'),
 (1,'风吹柳'),
 (1,'校服的裙摆'),
 (1,'醉晨色'),
 (1,'清凉'),
 (1,'微风荡漾'),
 (1,'飘落散花'),
 (1,'晨风暖'),
 (1,'半袖桃花'),
 (1,'Weirdo.'),
 (1,'Excuses'),
 (1,'女王范'),
 (1,'你真美。'),
 (1,'王一博'),
 (1,'罐头咸鱼'),
 (1,'被杀猫魂'),
 (1,'三世十方'),
 (1,'Wpm666'),
 (1,'醉梦颠宿兮'),
 (1,'观察者'),
 (1,'0感慨cx'),
 (1,'神经大屁猪'),
 (1,'神奇的撸撸羞'),
 (1,'『「小妖」』'),
 (1,'特约评论员'),
 (1,'蚊子'),
 (1,'分包商招标'),
 (1,'521'),
 (1,'卡布奇诺ㄟ'),
 (1,'梦幻※紫色'),
 (1,'一个坏人'),
 (1,'aileung'),
 (1,'狐狸就是妖'),
 (1,'摩卡苦丁'),
 (1,'☆姬★'),
 (1,'微笑、过后。'),
 (1,'钢蹦'),
 (1,'弟弟07'),
 (1,'水天一方'),
 (1,'青之静歌'),
 (1,'一表人才如我'),
 (1,'︶ㄣ流浪︶ㄣ'),
 (1,'那年丶我很傻'),
 (1,'今来思'),
 (1,'Fz啄木鸟'),
 (1,'品鉴官'),
 (1,'Ted'),
 (1,'深深的小草'),
 (1,'就这样死心'),
 (1,'23666'),
 (1,'哈哈哈哈哈'),
 (1,'熊猫'),
 (1,'5个人'),
 (1,'珍惜生命'),
 (1,'毛毛'),
 (1,'爆笑可乐'),
 (1,'3i847d'),
 (1,'鬼道弥生'),
 (1,'小白白白白'),
 (1,'秋天的风'),
 (1,'探路者'),
 (1,'cyliyutao'),
 (1,'中国心'),
 (1,'独立'),
 (1,'爱吃丑橘'),
 (1,'你是死鱼眼'),
 (1,'黑洞居民'),
 (1,'皇上驾到'),
 (1,'sdefsd'),
 (1,'幻影'),
 (1,'擦擦擦'),
 (1,'粉红色的回忆'),
 (1,'程序猿'),
 (1,'月色之后'),
 (1,'ofo'),
 (1,'王浩然'),
 (1,'宇宙的风'),
 (1,'痛苦的洛特'),
 (1,'第一任村长'),
 (1,'888666'),
 (1,'游侠骑士'),
 (1,'老黄书'),
 (1,'你好？？'),
 (1,'叮了个当'),
 (1,'河蟹'),
 (1,'我好想她'),
 (1,'圣剑之王'),
 (1,'亡060'),
 (1,'颓废的吸血鬼'),
 (1,'海阔天空'),
 (1,'玻璃心'),
 (1,'Edward'),
 (1,'没心没肺'),
 (1,'狼牙々月'),
 (1,'冷雨夜╮'),
 (1,'爆发的土豆'),
 (1,'噶的歌'),
 (1,'≮殇≯落落'),
 (1,'春饼uiui'),
 (1,'天上琼楼'),
 (1,'幽怨杀神eds'),
 (1,'再说'),
 (1,'何苦支撑'),
 (1,'切诺基'),
 (1,'你行你上啊'),
 (1,'大侠'),
 (1,'wumu'),
 (1,'我了个擦'),
 (1,'随便'),
 (1,'群演2'),
 (1,'一起去拉粑粑'),
 (1,'再看我吃掉你'),
 (1,'小红'),
 (1,'大白'),
 (1,'永享WIFI'),
 (1,'花海'),
 (1,'风强吻我'),
 (1,'呆到自然疯'),
 (1,'你丫挺得瑟'),
 (1,'逗比蹦擦擦'),
 (1,'狗王@'),
 (1,'蜗牛也放屁'),
 (1,'白村长'),
 (1,'wjhuang'),
 (1,'中指朝天'),
 (1,'谁帮我写作业'),
 (1,'抢、孟婆汤'),
 (1,'痘肤西施'),
 (1,'ω會戒≯釢嘞'),
 (1,'左小寒'),
 (1,'千年老妖'),
 (1,'娜娜'),
 (1,'师太，借个烟'),
 (1,'有人装X'),
 (1,'星期八我娶你'),
 (1,'幼稚'),
 (1,'803272456'),
 (1,'在线订购女友'),
 (1,'暗房里的猪'),
 (1,'成绩单'),
 (1,'丫旳丶妳抽風'),
 (1,'沙雕lj'),
 (1,'宁ゝ屈也不死'),
 (1,'神一样的女友'),
 (1,'王'),
 (1,'yqf'),
 (1,'低调小哥哥'),
 (1,'洛神'),
 (1,'糕富帅#'),
 (1,'私人教练'),
 (1,'你笑起来真丑'),
 (1,'Fd90'),
 (1,'班长你别开挂'),
 (1,'再来一碗'),
 (1,'面惧超人@'),
 (1,'九币'),
 (1,'°换张美男脸'),
 (1,'rmb'),
 (1,'goodjo'),
 (1,'大象腿'),
 (1,'软妹呦^'),
 (1,'全球停电'),
 (1,'你诺安好╲_'),
 (1,'我是洗衣液'),
 (1,'光棍可耻'),
 (1,'aoe'),
 (1,'骑猪上高速'),
 (1,'乡村非主流'),
 (1,'违章动物@'),
 (1,'佛笑我妖孽'),
 (1,'一闪一闪'),
 (1,'黑色fun'),
 (1,'同桌是逗比'),
 (1,'春天'),
 (1,'给我一个面包'),
 (1,'帅到没盆友'),
 (1,'舔王'),
 (1,'wo↘老水鸭'),
 (1,'果子酱'),
 (1,'优雅的蚯蚓'),
 (1,'朕回幼儿园'),
 (1,'僵尸队长'),
 (1,'绫波丽'),
 (1,'蓝翔我称王'),
 (1,'蜡笔小新'),
 (1,'小叮当'),
 (1,'葫芦娃'),
 (1,'隔壁老王'),
 (1,'翻白眼'),
 (1,'荒野少女'),
 (1,'愤怒的小鸡'),
 (1,'天天吃饺子'),
 (1,'我是神'),
 (1,'June九'),
 (1,'京城ccc'),
 (1,'我缺爱'),
 (1,'ζ骓1野ㄢ'),
 (1,'朕可是太高冷'),
 (1,'同学你好'),
 (1,'- 不语氏°'),
 (1,'一季凄凉。'),
 (1,'灵醒'),
 (1,'微胖的女孩'),
 (1,'老子绝版'),
 (1,'谁走'),
 (1,'褪ㄋ色'),
 (1,'水波映月'),
 (1,'小妖 ★'),
 (1,'肆虐成狂'),
 (1,'守⌒望的忝空'),
 (1,'知足常乐'),
 (1,'皱眉'),
 (1,'时光如锦瑟'),
 (1,'抽风'),
 (1,'瞳孔印温柔'),
 (1,'萌面狗'),
 (1,'龍纹磱'),
 (1,'亽苼'),
 (1,'~染小兮~'),
 (1,'幸福的碎片'),
 (1,'酒太甜'),
 (1,'@-@'),
 (1,'告诉我 ||'),
 (1,'懷淰の'),
 (1,'丶夜场 领卖'),
 (1,'寄情书'),
 (1,'jack'),
 (1,'兄弟＞有你'),
 (1,'不要让我长大'),
 (1,'薄荷凉'),
 (1,'韭菜'),
 (1,'栀璃鸢年〞'),
 (1,'几多奉送'),
 (1,'小白face'),
 (1,'伤口撒盐'),
 (1,'尾晴'),
 (1,'烂故事'),
 (1,'丿冰雪灬'),
 (1,'炽天使'),
 (1,'苦瓜哥灿烈'),
 (1,'暗'),
 (1,'有瘾'),
 (1,'少年未蓝'),
 (1,'仅限观赏'),
 (1,'玛丽的锁链'),
 (1,'久愁'),
 (1,'P94p'),
 (1,'残、月'),
 (1,'无限悲'),
 (1,'南简'),
 (1,'存在160'),
 (1,'清风挽心'),
 (1,'森槿'),
 (1,'四方赏晴雨'),
 (1,'校服怪'),
 (1,'fan、'),
 (1,'荒岛初冬'),
 (1,'花池繁华'),
 (1,'梦虫'),
 (1,'轨迹゜'),
 (1,'ゝ漫樱花、'),
 (1,'有仙气'),
 (1,'关晓彤'),
 (1,'花鹿'),
 (1,'唇枪舌战'),
 (1,'虎牙少年'),
 (1,'粉红色唇膏。'),
 (1,'爹只是个神话'),
 (1,'樱花17分'),
 (1,'天未亮心微凉'),
 (1,'￡少女↘'),
 (1,'世界'),
 (1,'情商下的伤感'),
 (1,'一生失败'),
 (1,'没有不劳而获'),
 (1,'我最珍贵'),
 (1,'我比你好'),
 (1,'我透明'),
 (1,'°兮颜'),
 (1,'人生'),
 (1,'款爷'),
 (1,'一见如故的人'),
 (1,'纯情小火鸡'),
 (1,'无悔我心'),
 (1,'面具'),
 (1,'。。'),
 (1,'歧%'),
 (1,'墨染几许红叶'),
 (1,'你的玩偶'),
 (1,'春天的故事'),
 (1,'可懂？'),
 (1,'布达拉'),
 (1,'樱桃'),
 (1,'月光下的思念'),
 (1,'小红'),
 (1,'koooo'),
 (1,'麻花疼'),
 (1,'南宫c'),
 (1,'Danny'),
 (1,'绅士'),
 (1,'火星网友'),
 (1,'随便看看'),
 (1,'横天笑'),
 (1,'林茗'),
 (1,'马爸爸'),
 (1,'呵呵'),
 (1,'12345'),
 (1,'ask'),
 (1,'陈希希'),
 (1,'拉尔夫的蔷薇'),
 (1,'副总裁'),
 (1,'蛋白'),
 (1,'欲盖弥彰'),
 (1,'我脆弱'),
 (1,'不想当局长'),
 (1,'傻白是你'),
 (1,'门徒'),
 (1,'阿基米德'),
 (1,'有态度的网友'),
 (1,'yingying'),
 (1,'2021'),
 (1,'传奇'),
 (1,'回收站'),
 (1,'土鳖一步癫'),
 (1,'天使'),
 (1,'小乐乐'),
 (1,'思想原型'),
 (1,'kkuu'),
 (1,'72316s'),
 (1,'这货不是我'),
 (1,'爱缺一'),
 (1,'某人'),
 (1,'锄禾日当午'),
 (1,'microbian'),
 (1,'改名了'),
 (1,'而已820616'),
 (1,'思念前女友'),
 (1,'故事会'),
 (1,'震精！'),
 (1,'华夏托马斯'),
 (1,'紫猫'),
 (1,'Y'),
 (1,'肖战'),
 (1,'不好说'),
 (1,'原神'),
 (1,'太乙真人'),
 (1,'kambin'),
 (1,'玩家888888'),
 (1,'半夏时光'),
 (1,'上古之刃'),
 (1,'limhim'),
 (1,'鸟你'),
 (1,'不讲武德'),
 (1,'源代码'),
 (1,'橙子'),
 (1,'专业大神'),
 (1,'机器人'),
 (1,'星辰69'),
 (1,'三月不知春'),
 (1,'风雷觉醒'),
 (1,'专治不服'),
 (1,'上帝视角'),
 (1,'planbreaker'),
 (1,'天猫'),
 (1,'great'),
 (1,'酷盖'),
 (1,'坐等天亮'),
 (1,'紫气东来王者'),
 (1,'交友+qq'),
 (1,'蓉蓉'),
 (1,'想的美'),
 (1,'全球第一'),
 (1,'拳头超人'),
 (1,'oip2tk'),
 (1,'白兰'),
 (1,'改名好难'),
 (1,'小鱼儿'),
 (1,'沦落天涯'),
 (3,'Bot'),
 (3,'만'),
 (3,'Tae'),
 (3,'Jeon Jung'),
 (3,'JM'),
 (3,'TRYA'),
 (3,'오래'),
 (3,'Hanna'),
 (3,'그는'),
 (3,'BTS'),
 (3,'Hit Man'),
 (3,'중독'),
 (3,'놔'),
 (3,'Minsang Kang'),
 (3,'Carla C.'),
 (3,'Kim. Y'),
 (3,'정'),
 (3,'심장'),
 (3,'Ttran'),
 (3,'피곤'),
 (3,'Kookie'),
 (3,'Le Do'),
 (3,'한때'),
 (3,'Hong Hoa'),
 (3,'미'),
 (3,'Boli'),
 (3,'Esme'),
 (3,'marvi'),
 (3,'도망'),
 (3,'길손'),
 (3,'Mia'),
 (3,'Iris'),
 (3,'Roˆ7'),
 (3,'Firdo'),
 (3,'벌리다'),
 (3,'하늘'),
 (3,'dao van'),
 (3,'고인'),
 (3,'Neng'),
 (3,'Ayesha'),
 (3,'여생'),
 (3,'Aime'),
 (3,'Tawan'),
 (3,'월광'),
 (3,'sophie'),
 (3,'사랑'),
 (3,'Jane luna'),
 (3,'과거'),
 (3,'남신'),
 (3,'시종'),
 (3,'sahana'),
 (3,'moon'),
 (3,'Pilar'),
 (3,'질병'),
 (3,'합작'),
 (3,'가지마'),
 (3,'KOYA'),
 (3,'Hola'),
 (3,'lvl'),
 (3,'뒷모습'),
 (3,'슈퍼맨'),
 (3,'범'),
 (3,'LIZ'),
 (3,'ArMy'),
 (3,'낯익'),
 (3,'ehl-i'),
 (3,'Shosha'),
 (3,'함락'),
 (3,'초과의'),
 (3,'BI MON'),
 (3,'찬바람'),
 (3,'파이팅'),
 (3,'KIMMM'),
 (3,'위선'),
 (3,'Ash'),
 (3,'동료'),
 (3,'제멋대로'),
 (3,'방'),
 (3,'Litzy'),
 (3,'미셩'),
 (3,'Hyun-Joo'),
 (3,'Choon-Hee'),
 (3,'Ram'),
 (3,'Yeong-Ja'),
 (3,'영숙'),
 (3,'희'),
 (3,'남동생'),
 (3,'새 '),
 (3,'여름'),
 (3,'한때'),
 (3,'양파'),
 (3,'너'),
 (3,'귀여운여'),
 (3,'낭'),
 (3,'mr.k'),
 (3,'남'),
 (3,'스패로우'),
 (3,'Deathhunter'),
 (3,'비류협객'),
 (3,'배추');
INSERT INTO "robot_proficiency" ("level","dodge_reaction_time_min","dodge_reaction_time_max","effective_dodge_chance","target_reaction_time_min","target_reaction_time_max","aiming_accuracy","continuous_attack_delay_min","continuous_attack_delay_max") VALUES (1,0,0,0.0,1000,3000,0.0,1000,4000),
 (2,500,500,0.0,500,2000,0.0,1000,4000),
 (3,400,500,20.0,450,1800,0.1,900,3600),
 (4,300,400,40.0,400,1600,0.3,800,3000),
 (5,200,300,70.0,300,1400,0.5,700,2400),
 (6,100,150,100.0,250,1000,0.7,500,2000);
INSERT INTO "robot_template" ("id","display_id") VALUES (1,1),
 (2,2),
 (3,3),
 (4,4),
 (5,5),
 (6,6),
 (7,7),
 (8,8);
INSERT INTO "robot_nature" ("type","effect_type","effect_value") VALUES (1,1,80),
 (2,1,65),
 (3,1,50),
 (1,2,50),
 (2,2,40),
 (3,2,30),
 (1,3,30),
 (2,3,20),
 (3,3,10),
 (1,4,60),
 (2,4,45),
 (3,4,30),
 (1,5,50),
 (2,5,35),
 (3,5,20),
 (1,6,30),
 (2,6,20),
 (3,6,10),
 (1,7,1000),
 (2,7,1800),
 (3,7,2500),
 (1,8,15),
 (2,8,10),
 (3,8,0),
 (1,9,50),
 (2,9,40),
 (3,9,30),
 (1,10,90),
 (2,10,90),
 (3,10,90),
 (1,11,0),
 (2,11,0),
 (3,11,10),
 (1,12,0),
 (2,12,5),
 (3,12,0),
 (1,13,10),
 (2,13,5),
 (3,13,0);
INSERT INTO "robot_difficulty" ("combat_grade","proficiency_level","max_combat_power","nature_type","weight") VALUES (0,1,650,3,1.0),
 (1,1,650,3,12.0),
 (1,2,700,3,2.0),
 (1,3,760,2,1.0),
 (2,1,750,3,5.0),
 (2,2,760,3,4.0),
 (2,3,780,2,3.0),
 (2,4,800,2,2.0),
 (2,5,830,1,1.0),
 (3,3,820,2,5.0),
 (3,4,840,2,4.0),
 (3,5,870,1,3.0),
 (3,6,1000,1,3.0);
INSERT INTO "robot_stage_stats" ("stage","template_id","max_health","health_regen_rate","attack_range","move_speed","max_stamina","stamina_regen_rate","attack_takes_stamina","charge_consumes_stamina","damage","combat_power") VALUES (0,1,1200,0.4,229.0,80,63,0.45,21,50,72,644),
 (1,1,1277,0.43,229.0,80,63,0.45,21,50,76,657),
 (2,1,1355,0.45,229.0,80,63,0.45,21,50,79,668),
 (3,1,1432,0.48,229.0,80,63,0.45,21,50,83,681),
 (4,1,1510,0.51,229.0,80,63,0.45,21,50,86,692),
 (5,1,1587,0.53,229.0,80,63,0.45,21,50,90,704),
 (6,1,1665,0.56,229.0,80,63,0.45,21,50,94,717),
 (7,1,1742,0.59,229.0,80,63,0.45,21,50,97,729),
 (8,1,1820,0.61,229.0,80,63,0.45,21,50,101,741),
 (9,1,1897,0.64,229.0,80,63,0.45,21,50,104,753),
 (10,1,1975,0.67,229.0,80,63,0.45,21,50,108,766),
 (11,1,2052,0.69,229.0,80,63,0.45,21,50,112,778),
 (12,1,2130,0.72,229.0,80,63,0.45,21,50,115,789),
 (13,1,2207,0.75,229.0,80,63,0.45,21,50,119,802),
 (14,1,2285,0.77,229.0,80,63,0.45,21,50,122,813),
 (15,1,2362,0.8,229.0,80,63,0.45,21,50,126,826),
 (0,2,1350,0.5,264.0,85,63,0.45,21,50,84,701),
 (1,2,1395,0.52,267.0,86,63,0.45,21,50,87,712),
 (2,2,1440,0.54,271.0,87,63,0.45,21,50,90,723),
 (3,2,1485,0.56,274.0,88,63,0.45,21,50,92,733),
 (4,2,1530,0.58,278.0,89,63,0.45,21,50,95,744),
 (5,2,1575,0.6,281.0,90,63,0.45,21,50,98,756),
 (6,2,1620,0.62,285.0,91,63,0.45,21,50,101,767),
 (7,2,1665,0.64,288.0,92,63,0.45,21,50,104,778),
 (8,2,1710,0.66,292.0,93,63,0.45,21,50,106,788),
 (9,2,1755,0.68,295.0,94,63,0.45,21,50,109,799),
 (10,2,1800,0.7,299.0,95,63,0.45,21,50,112,811),
 (11,2,1845,0.72,302.0,96,63,0.45,21,50,115,822),
 (12,2,1890,0.74,306.0,97,63,0.45,21,50,118,834),
 (13,2,1935,0.76,309.0,98,63,0.45,21,50,120,843),
 (14,2,1980,0.78,313.0,99,63,0.45,21,50,123,855),
 (15,2,2025,0.8,316.0,100,63,0.45,21,50,126,866),
 (0,3,1350,1.1,229.0,85,63,0.55,21,50,84,734),
 (1,3,1395,1.12,231.0,86,63,0.55,21,50,87,744),
 (2,3,1440,1.14,234.0,87,63,0.55,21,50,90,755),
 (3,3,1485,1.16,236.0,88,63,0.55,21,50,92,765),
 (4,3,1530,1.18,238.0,89,63,0.55,21,50,95,775),
 (5,3,1575,1.2,241.0,90,63,0.55,21,50,98,786),
 (6,3,1620,1.22,243.0,91,63,0.55,21,50,101,797),
 (7,3,1665,1.24,245.0,92,63,0.55,21,50,104,807),
 (8,3,1710,1.26,248.0,93,63,0.55,21,50,106,817),
 (9,3,1755,1.28,250.0,94,63,0.55,21,50,109,827),
 (10,3,1800,1.3,252.0,95,63,0.55,21,50,112,838),
 (11,3,1845,1.32,255.0,96,63,0.55,21,50,115,849),
 (12,3,1890,1.34,257.0,97,63,0.55,21,50,118,859),
 (13,3,1935,1.36,259.0,98,63,0.55,21,50,120,869),
 (14,3,1980,1.38,262.0,99,63,0.55,21,50,123,880),
 (15,3,2025,1.4,264.0,100,63,0.55,21,50,126,890),
 (0,4,1350,0.5,229.0,85,84,0.45,21,50,84,739),
 (1,4,1395,0.52,231.0,86,84,0.45,21,50,87,749),
 (2,4,1440,0.54,234.0,87,84,0.45,21,50,90,760),
 (3,4,1485,0.56,236.0,88,84,0.45,21,50,92,769),
 (4,4,1530,0.58,238.0,89,84,0.45,21,50,95,780),
 (5,4,1575,0.6,241.0,90,84,0.45,21,50,98,791),
 (6,4,1620,0.62,243.0,91,84,0.45,21,50,101,801),
 (7,4,1665,0.64,245.0,92,84,0.45,21,50,104,812),
 (8,4,1710,0.66,248.0,93,84,0.45,21,50,106,822),
 (9,4,1755,0.68,250.0,94,84,0.45,21,50,109,832),
 (10,4,1800,0.7,252.0,95,84,0.45,21,50,112,843),
 (11,4,1845,0.72,255.0,96,84,0.45,21,50,115,854),
 (12,4,1890,0.74,257.0,97,84,0.45,21,50,118,864),
 (13,4,1935,0.76,259.0,98,84,0.45,21,50,120,873),
 (14,4,1980,0.78,262.0,99,84,0.45,21,50,123,884),
 (15,4,2025,0.8,264.0,100,84,0.45,21,50,126,895),
 (0,5,1400,0.4,229.0,80,63,0.45,21,50,62,645),
 (1,5,1464,0.43,229.0,80,63,0.45,21,50,66,657),
 (2,5,1528,0.45,229.0,80,63,0.45,21,50,71,669),
 (3,5,1592,0.48,229.0,80,63,0.45,21,50,75,681),
 (4,5,1657,0.51,229.0,80,63,0.45,21,50,79,693),
 (5,5,1721,0.53,229.0,80,63,0.45,21,50,83,705),
 (6,5,1785,0.56,229.0,80,63,0.45,21,50,88,718),
 (7,5,1849,0.59,229.0,80,63,0.45,21,50,92,730),
 (8,5,1913,0.61,229.0,80,63,0.45,21,50,96,741),
 (9,5,1977,0.64,229.0,80,63,0.45,21,50,100,753),
 (10,5,2041,0.67,229.0,80,63,0.45,21,50,105,766),
 (11,5,2105,0.69,229.0,80,63,0.45,21,50,109,778),
 (12,5,2170,0.72,229.0,80,63,0.45,21,50,113,790),
 (13,5,2234,0.75,229.0,80,63,0.45,21,50,117,802),
 (14,5,2298,0.77,229.0,80,63,0.45,21,50,122,814),
 (15,5,2362,0.8,229.0,80,63,0.45,21,50,126,826),
 (0,6,1200,0.4,229.0,85,63,0.45,21,50,62,635),
 (1,6,1277,0.43,229.0,86,63,0.45,21,50,66,648),
 (2,6,1355,0.45,229.0,87,63,0.45,21,50,71,663),
 (3,6,1432,0.48,229.0,88,63,0.45,21,50,75,677),
 (4,6,1510,0.51,229.0,89,63,0.45,21,50,79,690),
 (5,6,1587,0.53,229.0,90,63,0.45,21,50,83,703),
 (6,6,1665,0.56,229.0,91,63,0.45,21,50,88,719),
 (7,6,1742,0.59,229.0,92,63,0.45,21,50,92,732),
 (8,6,1820,0.61,229.0,93,63,0.45,21,50,96,746),
 (9,6,1897,0.64,229.0,94,63,0.45,21,50,100,759),
 (10,6,1975,0.67,229.0,95,63,0.45,21,50,105,774),
 (11,6,2052,0.69,229.0,96,63,0.45,21,50,109,788),
 (12,6,2130,0.72,229.0,97,63,0.45,21,50,113,801),
 (13,6,2207,0.75,229.0,98,63,0.45,21,50,117,815),
 (14,6,2285,0.77,229.0,99,63,0.45,21,50,122,830),
 (15,6,2362,0.8,229.0,100,63,0.45,21,50,126,843),
 (0,7,1575,0.5,229.0,80,63,0.5,21,50,84,701),
 (1,7,1627,0.52,231.0,81,63,0.5,21,50,87,712),
 (2,7,1680,0.54,234.0,82,63,0.5,21,50,90,724),
 (3,7,1732,0.56,236.0,83,63,0.5,21,50,92,734),
 (4,7,1785,0.58,238.0,84,63,0.5,21,50,95,745),
 (5,7,1837,0.6,241.0,85,63,0.5,21,50,98,756),
 (6,7,1890,0.62,243.0,86,63,0.5,21,50,101,767),
 (7,7,1942,0.64,245.0,87,63,0.5,21,50,104,778),
 (8,7,1995,0.66,248.0,88,63,0.5,21,50,106,789),
 (9,7,2047,0.68,250.0,89,63,0.5,21,50,109,800),
 (10,7,2100,0.7,252.0,90,63,0.5,21,50,112,811),
 (11,7,2152,0.72,255.0,91,63,0.5,21,50,115,822),
 (12,7,2205,0.74,257.0,92,63,0.5,21,50,118,834),
 (13,7,2257,0.76,259.0,93,63,0.5,21,50,120,843),
 (14,7,2310,0.78,262.0,94,63,0.5,21,50,123,855),
 (15,7,2362,0.8,264.0,95,63,0.5,21,50,126,866),
 (0,8,1575,0.5,206.0,80,84,0.15,21,50,84,691),
 (1,8,1627,0.52,206.0,80,84,0.15,21,50,87,701),
 (2,8,1680,0.54,206.0,80,84,0.15,21,50,90,710),
 (3,8,1732,0.56,206.0,80,84,0.15,21,50,92,717),
 (4,8,1785,0.58,206.0,80,84,0.15,21,50,95,727),
 (5,8,1837,0.6,206.0,80,84,0.15,21,50,98,736),
 (6,8,1890,0.62,206.0,80,84,0.15,21,50,101,745),
 (7,8,1942,0.64,206.0,80,84,0.15,21,50,104,754),
 (8,8,1995,0.66,206.0,80,84,0.15,21,50,106,762),
 (9,8,2047,0.68,206.0,80,84,0.15,21,50,109,771),
 (10,8,2100,0.7,206.0,80,84,0.15,21,50,112,780),
 (11,8,2152,0.72,206.0,80,84,0.15,21,50,115,789),
 (12,8,2205,0.74,206.0,80,84,0.15,21,50,118,798),
 (13,8,2257,0.76,206.0,80,84,0.15,21,50,120,806),
 (14,8,2310,0.78,206.0,80,84,0.15,21,50,123,815),
 (15,8,2362,0.8,206.0,80,84,0.15,21,50,126,824);
COMMIT;
